Workbook

Sheet 合并明细
A1: 门店 | B1: 月份 | C1: 销售额(元) | D1: 订单数 | E1: 客单价(元) | F1: 数据来源文件
A2: 东莞松山湖店 | B2: 1月 | C2: 180600 | D2: 420 | E2: 430 | F2: 04_东莞松山湖店_2026Q1.xlsx
A3: 东莞松山湖店 | B3: 2月 | C3: 209150 | D3: 470 | E3: 445 | F3: 04_东莞松山湖店_2026Q1.xlsx
A4: 东莞松山湖店 | B4: 3月 | C4: 299520 | D4: 640 | E4: 468 | F4: 04_东莞松山湖店_2026Q1.xlsx
A5: 广州天河店 | B5: 1月 | C5: 410400 | D5: 760 | E5: 540 | F5: 03_广州天河店_2026Q1.xlsx
A6: 广州天河店 | B6: 2月 | C6: 386400 | D6: 700 | E6: 552 | F6: 03_广州天河店_2026Q1.xlsx
A7: 广州天河店 | B7: 3月 | C7: 453600 | D7: 810 | E7: 560 | F7: 03_广州天河店_2026Q1.xlsx
A8: 深圳南山科技园店 | B8: 1月 | C8: 646800 | D8: 980 | E8: 660 | F8: 02_南山科技园店_2026Q1.xlsx
A9: 深圳南山科技园店 | B9: 2月 | C9: 571200 | D9: 850 | E9: 672 | F9: 02_南山科技园店_2026Q1.xlsx
A10: 深圳南山科技园店 | B10: 3月 | C10: 767200 | D10: 1120 | E10: 685 | F10: 02_南山科技园店_2026Q1.xlsx
A11: 深圳福田旗舰店 | B11: 1月 | C11: 864000 | D11: 1200 | E11: 720 | F11: 01_福田旗舰店_2026Q1.xlsx
A12: 深圳福田旗舰店 | B12: 2月 | C12: 771750 | D12: 1050 | E12: 735 | F12: 01_福田旗舰店_2026Q1.xlsx
A13: 深圳福田旗舰店 | B13: 3月 | C13: 814200 | D13: 1180 | E13: 690 | F13: 01_福田旗舰店_2026Q1.xlsx
A14: 合计 | B14: — | C14: =SUM(C2:C13) -> 6374820 | D14: =SUM(D2:D13) -> 10180 | E14: =ROUND(C14/D14,2) -> 626.21 | F14: 4 个门店 / 12 条明细

Sheet 门店汇总
A1: 门店 | B1: 1月销售额 | C1: 2月销售额 | D1: 3月销售额 | E1: Q1销售额 | F1: Q1订单数 | G1: 综合客单价(元) | H1: 销售额占比 | I1: 3月环比 | J1: 3月较1月
A2: 深圳福田旗舰店 | B2: =SUMIFS(合并明细!$C$2:$C$13,合并明细!$A$2:$A$13,$A2,合并明细!$B$2:$B$13,"1月") -> 864000 | C2: =SUMIFS(合并明细!$C$2:$C$13,合并明细!$A$2:$A$13,$A2,合并明细!$B$2:$B$13,"2月") -> 771750 | D2: =SUMIFS(合并明细!$C$2:$C$13,合并明细!$A$2:$A$13,$A2,合并明细!$B$2:$B$13,"3月") -> 814200 | E2: =B2+C2+D2 -> 2449950 | F2: =SUMIF(合并明细!$A$2:$A$13,$A2,合并明细!$D$2:$D$13) -> 3430 | G2: =ROUND(E2/F2,2) -> 714.27 | H2: =ROUND(E2/合并明细!$C$14,4) -> 0.3843 | I2: =ROUND((D2-C2)/C2,4) -> 0.055 | J2: =ROUND((D2-B2)/B2,4) -> -0.0576
A3: 深圳南山科技园店 | B3: =SUMIFS(合并明细!$C$2:$C$13,合并明细!$A$2:$A$13,$A3,合并明细!$B$2:$B$13,"1月") -> 646800 | C3: =SUMIFS(合并明细!$C$2:$C$13,合并明细!$A$2:$A$13,$A3,合并明细!$B$2:$B$13,"2月") -> 571200 | D3: =SUMIFS(合并明细!$C$2:$C$13,合并明细!$A$2:$A$13,$A3,合并明细!$B$2:$B$13,"3月") -> 767200 | E3: =B3+C3+D3 -> 1985200 | F3: =SUMIF(合并明细!$A$2:$A$13,$A3,合并明细!$D$2:$D$13) -> 2950 | G3: =ROUND(E3/F3,2) -> 672.95 | H3: =ROUND(E3/合并明细!$C$14,4) -> 0.3114 | I3: =ROUND((D3-C3)/C3,4) -> 0.3431 | J3: =ROUND((D3-B3)/B3,4) -> 0.1861
A4: 广州天河店 | B4: =SUMIFS(合并明细!$C$2:$C$13,合并明细!$A$2:$A$13,$A4,合并明细!$B$2:$B$13,"1月") -> 410400 | C4: =SUMIFS(合并明细!$C$2:$C$13,合并明细!$A$2:$A$13,$A4,合并明细!$B$2:$B$13,"2月") -> 386400 | D4: =SUMIFS(合并明细!$C$2:$C$13,合并明细!$A$2:$A$13,$A4,合并明细!$B$2:$B$13,"3月") -> 453600 | E4: =B4+C4+D4 -> 1250400 | F4: =SUMIF(合并明细!$A$2:$A$13,$A4,合并明细!$D$2:$D$13) -> 2270 | G4: =ROUND(E4/F4,2) -> 550.84 | H4: =ROUND(E4/合并明细!$C$14,4) -> 0.1961 | I4: =ROUND((D4-C4)/C4,4) -> 0.1739 | J4: =ROUND((D4-B4)/B4,4) -> 0.1053
A5: 东莞松山湖店 | B5: =SUMIFS(合并明细!$C$2:$C$13,合并明细!$A$2:$A$13,$A5,合并明细!$B$2:$B$13,"1月") -> 180600 | C5: =SUMIFS(合并明细!$C$2:$C$13,合并明细!$A$2:$A$13,$A5,合并明细!$B$2:$B$13,"2月") -> 209150 | D5: =SUMIFS(合并明细!$C$2:$C$13,合并明细!$A$2:$A$13,$A5,合并明细!$B$2:$B$13,"3月") -> 299520 | E5: =B5+C5+D5 -> 689270 | F5: =SUMIF(合并明细!$A$2:$A$13,$A5,合并明细!$D$2:$D$13) -> 1530 | G5: =ROUND(E5/F5,2) -> 450.5 | H5: =ROUND(E5/合并明细!$C$14,4) -> 0.1081 | I5: =ROUND((D5-C5)/C5,4) -> 0.4321 | J5: =ROUND((D5-B5)/B5,4) -> 0.6585
A6: 合计 | B6: =SUM(B2:B5) -> 2101800 | C6: =SUM(C2:C5) -> 1938500 | D6: =SUM(D2:D5) -> 2334520 | E6: =SUM(E2:E5) -> 6374820 | F6: =SUM(F2:F5) -> 10180 | G6: =ROUND(E6/F6,2) -> 626.21 | H6: =ROUND(E6/合并明细!$C$14,4) -> 1 | I6: =ROUND((D6-C6)/C6,4) -> 0.2043 | J6: =ROUND((D6-B6)/B6,4) -> 0.1107

Sheet 月度汇总
A1: 月份 | B1: 销售额(元) | C1: 订单数 | D1: 客单价(元) | E1: 环比
A2: 1月 | B2: =SUMIF(合并明细!$B$2:$B$13,$A2,合并明细!$C$2:$C$13) -> 2101800 | C2: =SUMIF(合并明细!$B$2:$B$13,$A2,合并明细!$D$2:$D$13) -> 3360 | D2: =ROUND(B2/C2,2) -> 625.54 | E2: —
A3: 2月 | B3: =SUMIF(合并明细!$B$2:$B$13,$A3,合并明细!$C$2:$C$13) -> 1938500 | C3: =SUMIF(合并明细!$B$2:$B$13,$A3,合并明细!$D$2:$D$13) -> 3070 | D3: =ROUND(B3/C3,2) -> 631.43 | E3: =ROUND((B3-B2)/B2,4) -> -0.0777
A4: 3月 | B4: =SUMIF(合并明细!$B$2:$B$13,$A4,合并明细!$C$2:$C$13) -> 2334520 | C4: =SUMIF(合并明细!$B$2:$B$13,$A4,合并明细!$D$2:$D$13) -> 3750 | D4: =ROUND(B4/C4,2) -> 622.54 | E4: =ROUND((B4-B3)/B3,4) -> 0.2043
A5: Q1合计 | B5: =SUM(B2:B4) -> 6374820 | C5: =SUM(C2:C4) -> 10180 | D5: =ROUND(B5/C5,2) -> 626.21 | E5: —

Sheet 说明
A1: 2026 Q1 门店销售合并分析 · 数据说明
A3: 数据来源 | B3: 输入素材/ 下 4 个门店各自报送的 2026Q1 销售数据 xlsx（本案例演示取 4 个门店，真实场景为 12 个门店，处理逻辑完全相同）
A4: 合并口径 | B4: 按“门店 + 月份”识别唯一记录，跨文件纵向合并；列按表头名称匹配，不依赖列位置
A5: 已处理的差异 | B5: ① 福田店表头在第 2 行（第 1 行为标题行）；② 天河店列顺序不同且多一列“备注”；③ 松山湖店末尾带“合计”行，已剔除避免重复计算
A6: 自洽校验 | B6: 每行均校验 销售额 = 订单数 × 客单价，误差 > 0.01 元即报错（脚本 assert）
A7: 客单价口径 | B7: 门店/整体“综合客单价”= Q1销售额 ÷ Q1订单数（加权）。不要用三个月客单价的简单平均，两者会不一致
A8: 合计行 | B8: 合并明细合计、门店汇总全部指标、月度汇总分月值与环比，均为 Excel 公式（SUM/SUMIF/SUMIFS/ROUND），打开后自动重算；数值与【核对】一致，不硬编码
A9: 关于备注列 | B9: 天河店源表多出的“备注”列不并入明细（避免污染表结构），但其中信息（如 2 月“春节闭店 4 天”）在写分析结论时作为背景参考，见报告第五章第 4 条
A10: 生成脚本 | B10: _脚本/merge_and_summary.py（可重复运行，输入不变结果不变）
