Workbook

Sheet 说明
A1: 高一3班期中考试成绩分析表
A3: 数据来源：高一3班期中成绩.xlsx（共40人，语文/数学/英语/物理/化学五科，各科满分100分，总分满分500分）
A4: 统计口径：及格 = 单科≥60分；优秀 = 单科≥85分；偏科 = 该生最高科与最低科分差 > 30分。
A5: 分数段：优秀≥85 ｜ 良好70–84 ｜ 及格60–69 ｜ 不及格<60。
A6: 公式口径：本表「各科统计」「分数段分布」页用 Excel 公式引用「学生明细」页，打开即自动重算；
A7: 明细、名单页为真实值；「关键数字核对」页为本表生成时由脚本独立复算的静态值，供上报前核对。
A8: 生成时间：2026-10-12 ｜ 工具：xlsx skill（openpyxl）+ Python 独立复算
A9: ⚠ 手册提醒：AI 算数字出图表，上报前要核一眼。

Sheet 学生明细
A1: 学号 | B1: 姓名 | C1: 语文 | D1: 数学 | E1: 英语 | F1: 物理 | G1: 化学 | H1: 总分 | I1: 最高分 | J1: 最低分 | K1: 分差 | L1: 是否偏科 | M1: 最高科 | N1: 最低科
A2: 35 | B2: 蔡梦洁 | C2: 98 | D2: 82 | E2: 67 | F2: 89 | G2: 83 | H2: =SUM(C2:G2) | I2: 98 | J2: 67 | K2: 31 | L2: 是 | M2: 语文 | N2: 英语
A3: 6 | B3: 张梓萱 | C3: 67 | D3: 93 | E3: 91 | F3: 84 | G3: 76 | H3: =SUM(C3:G3) | I3: 93 | J3: 67 | K3: 26 | L3: 否 | M3: 数学 | N3: 语文
A4: 22 | B4: 梁家豪 | C4: 95 | D4: 92 | E4: 85 | F4: 54 | G4: 85 | H4: =SUM(C4:G4) | I4: 95 | J4: 54 | K4: 41 | L4: 是 | M4: 语文 | N4: 物理
A5: 28 | B5: 冯俊凯 | C5: 90 | D5: 82 | E5: 66 | F5: 87 | G5: 79 | H5: =SUM(C5:G5) | I5: 90 | J5: 66 | K5: 24 | L5: 否 | M5: 语文 | N5: 英语
A6: 39 | B6: 田欣怡 | C6: 95 | D6: 67 | E6: 90 | F6: 72 | G6: 80 | H6: =SUM(C6:G6) | I6: 95 | J6: 67 | K6: 28 | L6: 否 | M6: 语文 | N6: 数学
A7: 20 | B7: 罗志强 | C7: 93 | D7: 88 | E7: 60 | F7: 74 | G7: 88 | H7: =SUM(C7:G7) | I7: 93 | J7: 60 | K7: 33 | L7: 是 | M7: 语文 | N7: 英语
A8: 3 | B8: 王浩然 | C8: 98 | D8: 95 | E8: 84 | F8: 45 | G8: 79 | H8: =SUM(C8:G8) | I8: 98 | J8: 45 | K8: 53 | L8: 是 | M8: 语文 | N8: 物理
A9: 14 | B9: 朱天宇 | C9: 94 | D9: 71 | E9: 86 | F9: 52 | G9: 87 | H9: =SUM(C9:G9) | I9: 94 | J9: 52 | K9: 42 | L9: 是 | M9: 语文 | N9: 物理
A10: 26 | B10: 许文博 | C10: 68 | D10: 89 | E10: 81 | F10: 65 | G10: 83 | H10: =SUM(C10:G10) | I10: 89 | J10: 65 | K10: 24 | L10: 否 | M10: 数学 | N10: 物理
A11: 11 | B11: 徐若曦 | C11: 77 | D11: 70 | E11: 88 | F11: 56 | G11: 93 | H11: =SUM(C11:G11) | I11: 93 | J11: 56 | K11: 37 | L11: 是 | M11: 化学 | N11: 物理
A12: 19 | B12: 高语嫣 | C12: 72 | D12: 92 | E12: 93 | F12: 81 | G12: 46 | H12: =SUM(C12:G12) | I12: 93 | J12: 46 | K12: 47 | L12: 是 | M12: 英语 | N12: 化学
A13: 33 | B13: 潘雨欣 | C13: 79 | D13: 86 | E13: 79 | F13: 73 | G13: 58 | H13: =SUM(C13:G13) | I13: 86 | J13: 58 | K13: 28 | L13: 否 | M13: 数学 | N13: 化学
... A41: 4 | B41: 陈嘉怡 | C41: 82 | D41: 50 | E41: 51 | F41: 45 | G41: 55 | H41: =SUM(C41:G41) | I41: 82 | J41: 45 | K41: 37 | L41: 是 | M41: 语文 | N41: 物理

Sheet 各科统计
A1: 科目 | B1: 平均分 | C1: 最高分 | D1: 最低分 | E1: 及格人数 | F1: 及格率(≥60) | G1: 优秀人数 | H1: 优秀率(≥85) | I1: 与全科均分差 | J1: 极差
A2: 语文 | B2: =ROUND(AVERAGE('学生明细'!C$2:C$41),1) | C2: =MAX('学生明细'!C$2:C$41) | D2: =MIN('学生明细'!C$2:C$41) | E2: =COUNTIF('学生明细'!C$2:C$41,">=60") | F2: =COUNTIF('学生明细'!C$2:C$41,">=60")/40 | G2: =COUNTIF('学生明细'!C$2:C$41,">=85") | H2: =COUNTIF('学生明细'!C$2:C$41,">=85")/40 | I2: =ROUND(B2-AVERAGE($B$2:$B$6),1) | J2: =C2-D2
A3: 数学 | B3: =ROUND(AVERAGE('学生明细'!D$2:D$41),1) | C3: =MAX('学生明细'!D$2:D$41) | D3: =MIN('学生明细'!D$2:D$41) | E3: =COUNTIF('学生明细'!D$2:D$41,">=60") | F3: =COUNTIF('学生明细'!D$2:D$41,">=60")/40 | G3: =COUNTIF('学生明细'!D$2:D$41,">=85") | H3: =COUNTIF('学生明细'!D$2:D$41,">=85")/40 | I3: =ROUND(B3-AVERAGE($B$2:$B$6),1) | J3: =C3-D3
A4: 英语 | B4: =ROUND(AVERAGE('学生明细'!E$2:E$41),1) | C4: =MAX('学生明细'!E$2:E$41) | D4: =MIN('学生明细'!E$2:E$41) | E4: =COUNTIF('学生明细'!E$2:E$41,">=60") | F4: =COUNTIF('学生明细'!E$2:E$41,">=60")/40 | G4: =COUNTIF('学生明细'!E$2:E$41,">=85") | H4: =COUNTIF('学生明细'!E$2:E$41,">=85")/40 | I4: =ROUND(B4-AVERAGE($B$2:$B$6),1) | J4: =C4-D4
A5: 物理 | B5: =ROUND(AVERAGE('学生明细'!F$2:F$41),1) | C5: =MAX('学生明细'!F$2:F$41) | D5: =MIN('学生明细'!F$2:F$41) | E5: =COUNTIF('学生明细'!F$2:F$41,">=60") | F5: =COUNTIF('学生明细'!F$2:F$41,">=60")/40 | G5: =COUNTIF('学生明细'!F$2:F$41,">=85") | H5: =COUNTIF('学生明细'!F$2:F$41,">=85")/40 | I5: =ROUND(B5-AVERAGE($B$2:$B$6),1) | J5: =C5-D5
A6: 化学 | B6: =ROUND(AVERAGE('学生明细'!G$2:G$41),1) | C6: =MAX('学生明细'!G$2:G$41) | D6: =MIN('学生明细'!G$2:G$41) | E6: =COUNTIF('学生明细'!G$2:G$41,">=60") | F6: =COUNTIF('学生明细'!G$2:G$41,">=60")/40 | G6: =COUNTIF('学生明细'!G$2:G$41,">=85") | H6: =COUNTIF('学生明细'!G$2:G$41,">=85")/40 | I6: =ROUND(B6-AVERAGE($B$2:$B$6),1) | J6: =C6-D6
A7: 总分 | B7: =ROUND(AVERAGE('学生明细'!H$2:H$41),1) | C7: =MAX('学生明细'!H$2:H$41) | D7: =MIN('学生明细'!H$2:H$41) | F7: - | H7: - | I7: - | J7: =C7-D7

Sheet 分数段分布
A1: 科目 | B1: 优秀(≥85) | C1: 良好(70-84) | D1: 及格(60-69) | E1: 不及格(<60) | F1: 薄弱程度
A2: 语文 | B2: =COUNTIF('学生明细'!C$2:C$41,">=85") | C2: =COUNTIFS('学生明细'!C$2:C$41,">=70",'学生明细'!C$2:C$41,"<=84") | D2: =COUNTIFS('学生明细'!C$2:C$41,">=60",'学生明细'!C$2:C$41,"<=69") | E2: =COUNTIF('学生明细'!C$2:C$41,"<60") | F2: 一般
A3: 数学 | B3: =COUNTIF('学生明细'!D$2:D$41,">=85") | C3: =COUNTIFS('学生明细'!D$2:D$41,">=70",'学生明细'!D$2:D$41,"<=84") | D3: =COUNTIFS('学生明细'!D$2:D$41,">=60",'学生明细'!D$2:D$41,"<=69") | E3: =COUNTIF('学生明细'!D$2:D$41,"<60") | F3: 明显薄弱
A4: 英语 | B4: =COUNTIF('学生明细'!E$2:E$41,">=85") | C4: =COUNTIFS('学生明细'!E$2:E$41,">=70",'学生明细'!E$2:E$41,"<=84") | D4: =COUNTIFS('学生明细'!E$2:E$41,">=60",'学生明细'!E$2:E$41,"<=69") | E4: =COUNTIF('学生明细'!E$2:E$41,"<60") | F4: 一般
A5: 物理 | B5: =COUNTIF('学生明细'!F$2:F$41,">=85") | C5: =COUNTIFS('学生明细'!F$2:F$41,">=70",'学生明细'!F$2:F$41,"<=84") | D5: =COUNTIFS('学生明细'!F$2:F$41,">=60",'学生明细'!F$2:F$41,"<=69") | E5: =COUNTIF('学生明细'!F$2:F$41,"<60") | F5: 明显薄弱
A6: 化学 | B6: =COUNTIF('学生明细'!G$2:G$41,">=85") | C6: =COUNTIFS('学生明细'!G$2:G$41,">=70",'学生明细'!G$2:G$41,"<=84") | D6: =COUNTIFS('学生明细'!G$2:G$41,">=60",'学生明细'!G$2:G$41,"<=69") | E6: =COUNTIF('学生明细'!G$2:G$41,"<60") | F6: 严重薄弱
A7: 合计 | B7: =SUM(B2:B6) | C7: =SUM(C2:C6) | D7: =SUM(D2:D6) | E7: =SUM(E2:E6)

Sheet 总分前10名
A1: 排名 | B1: 学号 | C1: 姓名 | D1: 语文 | E1: 数学 | F1: 英语 | G1: 物理 | H1: 化学 | I1: 总分 | J1: 最高科 | K1: 最低科 | L1: 分差 | M1: 备注
A2: 1 | B2: 35 | C2: 蔡梦洁 | D2: 98 | E2: 82 | F2: 67 | G2: 89 | H2: 83 | I2: =SUM(D2:H2) | J2: 语文 | K2: 英语 | L2: 31 | M2: 英语偏弱
A3: 2 | B3: 6 | C3: 张梓萱 | D3: 67 | E3: 93 | F3: 91 | G3: 84 | H3: 76 | I3: =SUM(D3:H3) | J3: 数学 | K3: 语文 | L3: 26 | M3: 均衡发展
A4: 3 | B4: 22 | C4: 梁家豪 | D4: 95 | E4: 92 | F4: 85 | G4: 54 | H4: 85 | I4: =SUM(D4:H4) | J4: 语文 | K4: 物理 | L4: 41 | M4: 物理严重偏科
A5: 4 | B5: 28 | C5: 冯俊凯 | D5: 90 | E5: 82 | F5: 66 | G5: 87 | H5: 79 | I5: =SUM(D5:H5) | J5: 语文 | K5: 英语 | L5: 24 | M5: 均衡发展
A6: 5 | B6: 39 | C6: 田欣怡 | D6: 95 | E6: 67 | F6: 90 | G6: 72 | H6: 80 | I6: =SUM(D6:H6) | J6: 语文 | K6: 数学 | L6: 28 | M6: 均衡发展
A7: 6 | B7: 20 | C7: 罗志强 | D7: 93 | E7: 88 | F7: 60 | G7: 74 | H7: 88 | I7: =SUM(D7:H7) | J7: 语文 | K7: 英语 | L7: 33 | M7: 英语偏弱
A8: 7 | B8: 3 | C8: 王浩然 | D8: 98 | E8: 95 | F8: 84 | G8: 45 | H8: 79 | I8: =SUM(D8:H8) | J8: 语文 | K8: 物理 | L8: 53 | M8: 物理严重偏科
A9: 8 | B9: 14 | C9: 朱天宇 | D9: 94 | E9: 71 | F9: 86 | G9: 52 | H9: 87 | I9: =SUM(D9:H9) | J9: 语文 | K9: 物理 | L9: 42 | M9: 物理严重偏科
A10: 9 | B10: 26 | C10: 许文博 | D10: 68 | E10: 89 | F10: 81 | G10: 65 | H10: 83 | I10: =SUM(D10:H10) | J10: 数学 | K10: 物理 | L10: 24 | M10: 均衡发展
A11: 10 | B11: 11 | C11: 徐若曦 | D11: 77 | E11: 70 | F11: 88 | G11: 56 | H11: 93 | I11: =SUM(D11:H11) | J11: 化学 | K11: 物理 | L11: 37 | M11: 物理偏弱

Sheet 总分后10名
A1: 排名 | B1: 学号 | C1: 姓名 | D1: 语文 | E1: 数学 | F1: 英语 | G1: 物理 | H1: 化学 | I1: 总分 | J1: 最高科 | K1: 最低科 | L1: 分差 | M1: 备注
A2: 31 | B2: 9 | C2: 周梦琪 | D2: 76 | E2: 65 | F2: 59 | G2: 53 | H2: 90 | I2: =SUM(D2:H2) | J2: 化学 | K2: 物理 | L2: 37 | M2: 物理偏弱
A3: 32 | B3: 40 | C3: 熊家俊 | D3: 67 | E3: 57 | F3: 73 | G3: 88 | H3: 52 | I3: =SUM(D3:H3) | J3: 物理 | K3: 化学 | L3: 36 | M3: 化学偏弱
A4: 33 | B4: 16 | C4: 郭子轩 | D4: 73 | E4: 53 | F4: 64 | G4: 95 | H4: 48 | I4: =SUM(D4:H4) | J4: 物理 | K4: 化学 | L4: 47 | M4: 化学严重偏科
A5: 34 | B5: 21 | C5: 郑晓彤 | D5: 70 | E5: 58 | F5: 79 | G5: 64 | H5: 59 | I5: =SUM(D5:H5) | J5: 英语 | K5: 数学 | L5: 21 | M5: 均衡发展
A6: 35 | B6: 2 | C6: 李思远 | D6: 70 | E6: 62 | F6: 58 | G6: 87 | H6: 48 | I6: =SUM(D6:H6) | J6: 物理 | K6: 化学 | L6: 39 | M6: 化学偏弱
A7: 36 | B7: 36 | C7: 余志远 | D7: 76 | E7: 55 | F7: 68 | G7: 67 | H7: 52 | I7: =SUM(D7:H7) | J7: 语文 | K7: 化学 | L7: 24 | M7: 均衡发展
A8: 37 | B8: 27 | C8: 邓欣妍 | D8: 84 | E8: 57 | F8: 66 | G8: 48 | H8: 57 | I8: =SUM(D8:H8) | J8: 语文 | K8: 物理 | L8: 36 | M8: 物理偏弱
A9: 38 | B9: 31 | C9: 董思雨 | D9: 58 | E9: 55 | F9: 59 | G9: 80 | H9: 52 | I9: =SUM(D9:H9) | J9: 物理 | K9: 化学 | L9: 28 | M9: 均衡发展
A10: 39 | B10: 10 | C10: 吴俊杰 | D10: 76 | E10: 54 | F10: 55 | G10: 64 | H10: 48 | I10: =SUM(D10:H10) | J10: 语文 | K10: 化学 | L10: 28 | M10: 均衡发展
A11: 40 | B11: 4 | C11: 陈嘉怡 | D11: 82 | E11: 50 | F11: 51 | G11: 45 | H11: 55 | I11: =SUM(D11:H11) | J11: 语文 | K11: 物理 | L11: 37 | M11: 物理偏弱

Sheet 偏科生名单
A1: 序号 | B1: 学号 | C1: 姓名 | D1: 语文 | E1: 数学 | F1: 英语 | G1: 物理 | H1: 化学 | I1: 总分 | J1: 最高科 | K1: 最高分 | L1: 最低科 | M1: 最低分 | N1: 分差
A2: 1 | B2: 32 | C2: 袁博文 | D2: 98 | E2: 75 | F2: 88 | G2: 44 | H2: 66 | I2: 371 | J2: 语文 | K2: 98 | L2: 物理 | M2: 44 | N2: 54
A3: 2 | B3: 3 | C3: 王浩然 | D3: 98 | E3: 95 | F3: 84 | G3: 45 | H3: 79 | I3: 401 | J3: 语文 | K3: 98 | L3: 物理 | M3: 45 | N3: 53
A4: 3 | B4: 37 | C4: 杜思琪 | D4: 84 | E4: 48 | F4: 96 | G4: 86 | H4: 58 | I4: 372 | J4: 英语 | K4: 96 | L4: 数学 | M4: 48 | N4: 48
A5: 4 | B5: 38 | C5: 叶文昊 | D5: 87 | E5: 96 | F5: 61 | G5: 72 | H5: 48 | I5: 364 | J5: 数学 | K5: 96 | L5: 化学 | M5: 48 | N5: 48
A6: 5 | B6: 19 | C6: 高语嫣 | D6: 72 | E6: 92 | F6: 93 | G6: 81 | H6: 46 | I6: 384 | J6: 英语 | K6: 93 | L6: 化学 | M6: 46 | N6: 47
A7: 6 | B7: 5 | C7: 刘一凡 | D7: 69 | E7: 80 | F7: 88 | G7: 41 | H7: 77 | I7: 355 | J7: 英语 | K7: 88 | L7: 物理 | M7: 41 | N7: 47
A8: 7 | B8: 16 | C8: 郭子轩 | D8: 73 | E8: 53 | F8: 64 | G8: 95 | H8: 48 | I8: 333 | J8: 物理 | K8: 95 | L8: 化学 | M8: 48 | N8: 47
A9: 8 | B9: 34 | C9: 蒋天磊 | D9: 90 | E9: 48 | F9: 93 | G9: 86 | H9: 49 | I9: 366 | J9: 英语 | K9: 93 | L9: 数学 | M9: 48 | N9: 45
A10: 9 | B10: 30 | C10: 彭立轩 | D10: 63 | E10: 80 | F10: 81 | G10: 45 | H10: 90 | I10: 359 | J10: 化学 | K10: 90 | L10: 物理 | M10: 45 | N10: 45
A11: 10 | B11: 12 | C11: 孙博文 | D11: 57 | E11: 94 | F11: 79 | G11: 74 | H11: 49 | I11: 353 | J11: 数学 | K11: 94 | L11: 化学 | M11: 49 | N11: 45
A12: 11 | B12: 23 | C12: 谢婉婷 | D12: 75 | E12: 97 | F12: 53 | G12: 54 | H12: 94 | I12: 373 | J12: 数学 | K12: 97 | L12: 英语 | M12: 53 | N12: 44
A13: 12 | B13: 1 | C13: 陈小雅 | D13: 95 | E13: 55 | F13: 51 | G13: 87 | H13: 59 | I13: 347 | J13: 语文 | K13: 95 | L13: 英语 | M13: 51 | N13: 44
... A28: 27 | B28: 18 | C28: 何明哲 | D28: 65 | E28: 71 | F28: 72 | G28: 53 | H28: 84 | I28: 345 | J28: 化学 | K28: 84 | L28: 物理 | M28: 53 | N28: 31
A30: 判定口径：该生五科中最高分 − 最低分 > 30 分。

Sheet 关键数字核对
A1: 关键数字核对（脚本独立复算，静态值）
A2: 用途：上报/发家长前核对。下方数字与「各科统计」页公式结果应完全一致。
A4: 科目 | B4: 平均分 | C4: 最高分 | D4: 最低分 | E4: 及格人数 | F4: 及格率 | G4: 优秀人数 | H4: 优秀率 | I4: 与全科均分差 | J4: 极差
A5: 语文 | B5: 77.3 | C5: 98 | D5: 55 | E5: 34 | F5: 0.85 | G5: 11 | H5: 0.275 | I5: 5.2 | J5: 43
A6: 数学 | B6: 72.2 | C6: 99 | D6: 48 | E6: 27 | F6: 0.675 | G6: 13 | H6: 0.325 | I6: 0.1 | J6: 51
A7: 英语 | B7: 74.7 | C7: 96 | D7: 51 | E7: 33 | F7: 0.825 | G7: 13 | H7: 0.325 | I7: 2.6 | J7: 45
A8: 物理 | B8: 68.3 | C8: 95 | D8: 41 | E8: 26 | F8: 0.65 | G8: 9 | H8: 0.225 | I8: -3.8 | J8: 54
A9: 化学 | B9: 67.9 | C9: 94 | D9: 46 | E9: 21 | F9: 0.525 | G9: 8 | H9: 0.2 | I9: -4.2 | J9: 48
A10: 总分 | B10: 360.4 | C10: 419 | D10: 283 | J10: 136
A12: 全科均分（五科均分的平均） | B12: 72.1
A13: 总分400分以上人数 | B13: 7
A14: 总分360分以上人数 | B14: 20
A15: 总分300分以下人数 | B15: 2
A16: 偏科生人数（最高−最低>30） | B16: 27
A17: 偏科生占比 | B17: 0.675
A18: 总分一致性检查：原表总分≠五科之和的条数 | B18: 0
